name,size,layers,accuracy,true_pos,true_neg,false_pos,false_neg,pos_recall,neg_recall,pos_precision,neg_precision,pos_f1-score,neg_f1-score
experiment_001,108772,6,0.9683794466403162,151,94,4,4,0.9741935483870968,0.9591836734693877,0.9741935483870968,0.9591836734693877,0.9741935483870968,0.9591836734693877
experiment_002,137029,8,0.9565217391304348,148,94,7,4,0.9548387096774194,0.9591836734693877,0.9736842105263158,0.9306930693069307,0.964169381107492,0.9447236180904524
experiment_003,178843,11,0.9802371541501976,154,94,1,4,0.9935483870967742,0.9591836734693877,0.9746835443037974,0.9894736842105263,0.9840255591054313,0.9740932642487047
experiment_004,425921,12,0.9644268774703557,150,94,5,4,0.967741935483871,0.9591836734693877,0.974025974025974,0.9494949494949495,0.970873786407767,0.9543147208121828
experiment_005a,3966087,7,0.9367588932806324,144,93,11,5,0.9290322580645162,0.9489795918367347,0.9664429530201343,0.8942307692307693,0.9473684210526316,0.9207920792079209
experiment_005b,4110284,7,0.9683794466403162,149,96,6,2,0.9612903225806452,0.9795918367346939,0.9867549668874173,0.9411764705882353,0.9738562091503269,0.96
